{
  "project_info": {
    "project_number": "683918464292",
    "project_id": "windou",
    "storage_bucket": "windou.appspot.com"
  },
  "client": [
    {
      "client_info": {
        "mobilesdk_app_id": "1:683918464292:android:95393a0db7708208ba8fb1",
        "android_client_info": {
          "package_name": "com.example.windou"
        }
      },
      "oauth_client": [
        {
          "client_id": "683918464292-4dvvhqq26nfajtolbrf1h5m0st3e1h6u.apps.googleusercontent.com",
          "client_type": 1,
          "android_info": {
            "package_name": "com.example.windou",
            "certificate_hash": "32bda36e05b2ff1e2e3c868a2e2e74d14c455369"
          }
        },
        {
          "client_id": "683918464292-oqrg0v6gohfu4vpit9ovbuqb209ia2g7.apps.googleusercontent.com",
          "client_type": 1,
          "android_info": {
            "package_name": "com.example.windou",
            "certificate_hash": "0180dabc780945d4bdee341d9ec5431c1ad40af2"
          }
        },
        {
          "client_id": "683918464292-ti8fiv9bjct9764utvfc8tv1oq1n8bu2.apps.googleusercontent.com",
          "client_type": 1,
          "android_info": {
            "package_name": "com.example.windou",
            "certificate_hash": "a68a178ce6f426fb11f3e4b1432336919fd05675"
          }
        },
        {
          "client_id": "683918464292-7msqev3vclg2jaitunb03dp4lu255a36.apps.googleusercontent.com",
          "client_type": 3
        }
      ],
      "api_key": [
        {
          "current_key": "AIzaSyCljKqYrGAgx7_mgE9PuYg03tf9nI8SGTc"
        }
      ],
      "services": {
        "appinvite_service": {
          "other_platform_oauth_client": [
            {
              "client_id": "683918464292-7msqev3vclg2jaitunb03dp4lu255a36.apps.googleusercontent.com",
              "client_type": 3
            },
            {
              "client_id": "683918464292-bk454fq4vh9o5q9psmmj41qnf6tl4g60.apps.googleusercontent.com",
              "client_type": 2,
              "ios_info": {
                "bundle_id": "com.example.windou"
              }
            }
          ]
        }
      }
    },
    {
      "client_info": {
        "mobilesdk_app_id": "1:683918464292:android:c954b7fd1cba8b5cba8fb1",
        "android_client_info": {
          "package_name": "com.windou.windou"
        }
      },
      "oauth_client": [
        {
          "client_id": "683918464292-7msqev3vclg2jaitunb03dp4lu255a36.apps.googleusercontent.com",
          "client_type": 3
        }
      ],
      "api_key": [
        {
          "current_key": "AIzaSyCljKqYrGAgx7_mgE9PuYg03tf9nI8SGTc"
        }
      ],
      "services": {
        "appinvite_service": {
          "other_platform_oauth_client": [
            {
              "client_id": "683918464292-7msqev3vclg2jaitunb03dp4lu255a36.apps.googleusercontent.com",
              "client_type": 3
            },
            {
              "client_id": "683918464292-bk454fq4vh9o5q9psmmj41qnf6tl4g60.apps.googleusercontent.com",
              "client_type": 2,
              "ios_info": {
                "bundle_id": "com.example.windou"
              }
            }
          ]
        }
      }
    }
  ],
  "configuration_version": "1"
}